dimension,group,n,precision,recall
product_category,Apparel,385,0.3170731707317073,0.52
product_category,Beauty,116,0.475,0.6129032258064516
product_category,Electronics,261,0.32857142857142857,0.4423076923076923
product_category,Footwear,217,0.3626373626373626,0.5892857142857143
product_category,Home,221,0.23469387755102042,0.6764705882352942
payment_method,COD,503,0.327313769751693,0.9354838709677419
payment_method,Prepaid_Card,283,0.2,0.02040816326530612
payment_method,Prepaid_UPI,294,0.3333333333333333,0.041666666666666664
payment_method,Wallet,120,0.2222222222222222,0.09523809523809523
